name,kind,raw_status,recorded_frames,solver_seconds,wall_seconds,config_sha256,exe_sha256,scene,rho,initial_position,actual_velocity_export,quality_certified,performance_certified
ablation_fixed_full_batch_1,performance_diagnostic,completed,100,19.814743,22.04700000000048,a2bfebeb158c9926cf296701c4c91daec05ff762e8df9bf8149646c38b23c337,2429bb0d5563d6c68f339412e2528c33fa2412c77c610dd739d706b62f3542d4,cloth_fixed_bunny_l,0.0001,4754d971e94186b4661dc995957def79d344ae22db7dd5301679c1ae088f23c2,True,False,False
ablation_fixed_full_batch_2,performance_diagnostic,completed,100,19.994557,22.156999999999243,a2bfebeb158c9926cf296701c4c91daec05ff762e8df9bf8149646c38b23c337,2429bb0d5563d6c68f339412e2528c33fa2412c77c610dd739d706b62f3542d4,cloth_fixed_bunny_l,0.0001,4754d971e94186b4661dc995957def79d344ae22db7dd5301679c1ae088f23c2,True,False,False
ablation_fixed_full_batch_3,performance_diagnostic,completed,100,20.155394400000002,22.10900000000038,a2bfebeb158c9926cf296701c4c91daec05ff762e8df9bf8149646c38b23c337,2429bb0d5563d6c68f339412e2528c33fa2412c77c610dd739d706b62f3542d4,cloth_fixed_bunny_l,0.0001,4754d971e94186b4661dc995957def79d344ae22db7dd5301679c1ae088f23c2,True,False,False
ablation_fixed_full_discrete_1,performance_diagnostic,completed,100,19.9510708,21.79699999999866,a2bfebeb158c9926cf296701c4c91daec05ff762e8df9bf8149646c38b23c337,2429bb0d5563d6c68f339412e2528c33fa2412c77c610dd739d706b62f3542d4,cloth_fixed_bunny_l,0.0001,4754d971e94186b4661dc995957def79d344ae22db7dd5301679c1ae088f23c2,True,False,False
ablation_fixed_full_discrete_2,performance_diagnostic,completed,100,19.8961048,22.01599999999962,a2bfebeb158c9926cf296701c4c91daec05ff762e8df9bf8149646c38b23c337,2429bb0d5563d6c68f339412e2528c33fa2412c77c610dd739d706b62f3542d4,cloth_fixed_bunny_l,0.0001,4754d971e94186b4661dc995957def79d344ae22db7dd5301679c1ae088f23c2,True,False,False
ablation_fixed_full_discrete_3,performance_diagnostic,completed,100,20.1887261,22.57799999999952,a2bfebeb158c9926cf296701c4c91daec05ff762e8df9bf8149646c38b23c337,2429bb0d5563d6c68f339412e2528c33fa2412c77c610dd739d706b62f3542d4,cloth_fixed_bunny_l,0.0001,4754d971e94186b4661dc995957def79d344ae22db7dd5301679c1ae088f23c2,True,False,False
ablation_fixed_full_refit_1,performance_diagnostic,completed,100,19.7656273,22.01600000000144,a2bfebeb158c9926cf296701c4c91daec05ff762e8df9bf8149646c38b23c337,2429bb0d5563d6c68f339412e2528c33fa2412c77c610dd739d706b62f3542d4,cloth_fixed_bunny_l,0.0001,4754d971e94186b4661dc995957def79d344ae22db7dd5301679c1ae088f23c2,True,False,False
ablation_fixed_full_refit_2,performance_diagnostic,completed,100,19.715249800000002,21.82799999999952,a2bfebeb158c9926cf296701c4c91daec05ff762e8df9bf8149646c38b23c337,2429bb0d5563d6c68f339412e2528c33fa2412c77c610dd739d706b62f3542d4,cloth_fixed_bunny_l,0.0001,4754d971e94186b4661dc995957def79d344ae22db7dd5301679c1ae088f23c2,True,False,False
ablation_fixed_full_refit_3,performance_diagnostic,completed,100,19.9969099,22.186999999999898,a2bfebeb158c9926cf296701c4c91daec05ff762e8df9bf8149646c38b23c337,2429bb0d5563d6c68f339412e2528c33fa2412c77c610dd739d706b62f3542d4,cloth_fixed_bunny_l,0.0001,4754d971e94186b4661dc995957def79d344ae22db7dd5301679c1ae088f23c2,True,False,False
ablation_fixed_full_reuse_1,performance_diagnostic,completed,100,20.3592263,22.188000000000102,a2bfebeb158c9926cf296701c4c91daec05ff762e8df9bf8149646c38b23c337,2429bb0d5563d6c68f339412e2528c33fa2412c77c610dd739d706b62f3542d4,cloth_fixed_bunny_l,0.0001,4754d971e94186b4661dc995957def79d344ae22db7dd5301679c1ae088f23c2,True,False,False
ablation_fixed_full_reuse_2,performance_diagnostic,completed,100,19.9337927,22.406999999999243,a2bfebeb158c9926cf296701c4c91daec05ff762e8df9bf8149646c38b23c337,2429bb0d5563d6c68f339412e2528c33fa2412c77c610dd739d706b62f3542d4,cloth_fixed_bunny_l,0.0001,4754d971e94186b4661dc995957def79d344ae22db7dd5301679c1ae088f23c2,True,False,False
ablation_fixed_full_reuse_3,performance_diagnostic,completed,100,19.199809600000002,21.25,a2bfebeb158c9926cf296701c4c91daec05ff762e8df9bf8149646c38b23c337,2429bb0d5563d6c68f339412e2528c33fa2412c77c610dd739d706b62f3542d4,cloth_fixed_bunny_l,0.0001,4754d971e94186b4661dc995957def79d344ae22db7dd5301679c1ae088f23c2,True,False,False
ablation_fixed_minus_batch_1,performance_diagnostic,completed,100,20.5955053,22.735000000000582,1570de9829b6cc1e765b72b2a9af6e079f20dda190f4a2298b145f053f8e6319,2429bb0d5563d6c68f339412e2528c33fa2412c77c610dd739d706b62f3542d4,cloth_fixed_bunny_l,0.0001,4754d971e94186b4661dc995957def79d344ae22db7dd5301679c1ae088f23c2,True,False,False
ablation_fixed_minus_batch_2,performance_diagnostic,completed,100,19.8884901,22.15600000000086,1570de9829b6cc1e765b72b2a9af6e079f20dda190f4a2298b145f053f8e6319,2429bb0d5563d6c68f339412e2528c33fa2412c77c610dd739d706b62f3542d4,cloth_fixed_bunny_l,0.0001,4754d971e94186b4661dc995957def79d344ae22db7dd5301679c1ae088f23c2,True,False,False
ablation_fixed_minus_batch_3,performance_diagnostic,completed,100,20.4785642,22.375,1570de9829b6cc1e765b72b2a9af6e079f20dda190f4a2298b145f053f8e6319,2429bb0d5563d6c68f339412e2528c33fa2412c77c610dd739d706b62f3542d4,cloth_fixed_bunny_l,0.0001,4754d971e94186b4661dc995957def79d344ae22db7dd5301679c1ae088f23c2,True,False,False
ablation_fixed_minus_discrete_1,performance_diagnostic,completed,100,20.5094713,22.85899999999856,4275f1df36bfa79e476da09d7fa18c1c7dd553772de51047735134f2a3c3fd81,2429bb0d5563d6c68f339412e2528c33fa2412c77c610dd739d706b62f3542d4,cloth_fixed_bunny_l,0.0001,4754d971e94186b4661dc995957def79d344ae22db7dd5301679c1ae088f23c2,True,False,False
ablation_fixed_minus_discrete_2,performance_diagnostic,completed,100,21.0643721,23.28099999999904,4275f1df36bfa79e476da09d7fa18c1c7dd553772de51047735134f2a3c3fd81,2429bb0d5563d6c68f339412e2528c33fa2412c77c610dd739d706b62f3542d4,cloth_fixed_bunny_l,0.0001,4754d971e94186b4661dc995957def79d344ae22db7dd5301679c1ae088f23c2,True,False,False
ablation_fixed_minus_discrete_3,performance_diagnostic,completed,100,20.8938717,22.70299999999952,4275f1df36bfa79e476da09d7fa18c1c7dd553772de51047735134f2a3c3fd81,2429bb0d5563d6c68f339412e2528c33fa2412c77c610dd739d706b62f3542d4,cloth_fixed_bunny_l,0.0001,4754d971e94186b4661dc995957def79d344ae22db7dd5301679c1ae088f23c2,True,False,False
ablation_fixed_minus_refit_1,performance_diagnostic,completed,100,21.1012885,23.235000000000582,8796a7f61b054d37359e7cbe3b372009f9083438ae890bb6356dea20034f2f8b,2429bb0d5563d6c68f339412e2528c33fa2412c77c610dd739d706b62f3542d4,cloth_fixed_bunny_l,0.0001,4754d971e94186b4661dc995957def79d344ae22db7dd5301679c1ae088f23c2,True,False,False
ablation_fixed_minus_refit_2,performance_diagnostic,completed,100,20.8447122,22.796000000000276,8796a7f61b054d37359e7cbe3b372009f9083438ae890bb6356dea20034f2f8b,2429bb0d5563d6c68f339412e2528c33fa2412c77c610dd739d706b62f3542d4,cloth_fixed_bunny_l,0.0001,4754d971e94186b4661dc995957def79d344ae22db7dd5301679c1ae088f23c2,True,False,False
ablation_fixed_minus_refit_3,performance_diagnostic,completed,100,20.5472252,22.70299999999952,8796a7f61b054d37359e7cbe3b372009f9083438ae890bb6356dea20034f2f8b,2429bb0d5563d6c68f339412e2528c33fa2412c77c610dd739d706b62f3542d4,cloth_fixed_bunny_l,0.0001,4754d971e94186b4661dc995957def79d344ae22db7dd5301679c1ae088f23c2,True,False,False
ablation_fixed_minus_reuse_1,performance_diagnostic,completed,100,20.1448184,22.156999999999243,9427a2b4774ec551bc3f81181d6c5f8fdec255d6ec9e976cc5006d025fd6e31a,2429bb0d5563d6c68f339412e2528c33fa2412c77c610dd739d706b62f3542d4,cloth_fixed_bunny_l,0.0001,4754d971e94186b4661dc995957def79d344ae22db7dd5301679c1ae088f23c2,True,False,False
ablation_fixed_minus_reuse_2,performance_diagnostic,completed,100,19.611558300000002,22.0,9427a2b4774ec551bc3f81181d6c5f8fdec255d6ec9e976cc5006d025fd6e31a,2429bb0d5563d6c68f339412e2528c33fa2412c77c610dd739d706b62f3542d4,cloth_fixed_bunny_l,0.0001,4754d971e94186b4661dc995957def79d344ae22db7dd5301679c1ae088f23c2,True,False,False
ablation_fixed_minus_reuse_3,performance_diagnostic,completed,100,20.2362084,22.45299999999952,9427a2b4774ec551bc3f81181d6c5f8fdec255d6ec9e976cc5006d025fd6e31a,2429bb0d5563d6c68f339412e2528c33fa2412c77c610dd739d706b62f3542d4,cloth_fixed_bunny_l,0.0001,4754d971e94186b4661dc995957def79d344ae22db7dd5301679c1ae088f23c2,True,False,False
ablation_sphere_full_batch_1,performance_diagnostic,completed,100,11.861625400000001,13.51600000000144,33b4db4cf7deda3573e3cc802ee2b865b00254608db2ef69bfa57502b5ba4983,2429bb0d5563d6c68f339412e2528c33fa2412c77c610dd739d706b62f3542d4,cloth_sphere7_l,0.0001,aa6aa449f3eb2fdc8b0a9404ea00558d4e6a5a8c448fcf3f6d7e686446d7e5c4,True,False,False
ablation_sphere_full_batch_2,performance_diagnostic,completed,100,13.018473799999999,14.718999999999141,33b4db4cf7deda3573e3cc802ee2b865b00254608db2ef69bfa57502b5ba4983,2429bb0d5563d6c68f339412e2528c33fa2412c77c610dd739d706b62f3542d4,cloth_sphere7_l,0.0001,aa6aa449f3eb2fdc8b0a9404ea00558d4e6a5a8c448fcf3f6d7e686446d7e5c4,True,False,False
ablation_sphere_full_batch_3,performance_diagnostic,completed,100,12.695748,14.125,33b4db4cf7deda3573e3cc802ee2b865b00254608db2ef69bfa57502b5ba4983,2429bb0d5563d6c68f339412e2528c33fa2412c77c610dd739d706b62f3542d4,cloth_sphere7_l,0.0001,aa6aa449f3eb2fdc8b0a9404ea00558d4e6a5a8c448fcf3f6d7e686446d7e5c4,True,False,False
ablation_sphere_full_discrete_1,performance_diagnostic,completed,100,12.0799447,13.468999999999141,33b4db4cf7deda3573e3cc802ee2b865b00254608db2ef69bfa57502b5ba4983,2429bb0d5563d6c68f339412e2528c33fa2412c77c610dd739d706b62f3542d4,cloth_sphere7_l,0.0001,aa6aa449f3eb2fdc8b0a9404ea00558d4e6a5a8c448fcf3f6d7e686446d7e5c4,True,False,False
ablation_sphere_full_discrete_2,performance_diagnostic,completed,100,12.082865400000001,13.485000000000582,33b4db4cf7deda3573e3cc802ee2b865b00254608db2ef69bfa57502b5ba4983,2429bb0d5563d6c68f339412e2528c33fa2412c77c610dd739d706b62f3542d4,cloth_sphere7_l,0.0001,aa6aa449f3eb2fdc8b0a9404ea00558d4e6a5a8c448fcf3f6d7e686446d7e5c4,True,False,False
ablation_sphere_full_discrete_3,performance_diagnostic,completed,100,13.1305162,14.75,33b4db4cf7deda3573e3cc802ee2b865b00254608db2ef69bfa57502b5ba4983,2429bb0d5563d6c68f339412e2528c33fa2412c77c610dd739d706b62f3542d4,cloth_sphere7_l,0.0001,aa6aa449f3eb2fdc8b0a9404ea00558d4e6a5a8c448fcf3f6d7e686446d7e5c4,True,False,False
ablation_sphere_full_refit_1,performance_diagnostic,completed,100,12.0479237,13.45299999999952,33b4db4cf7deda3573e3cc802ee2b865b00254608db2ef69bfa57502b5ba4983,2429bb0d5563d6c68f339412e2528c33fa2412c77c610dd739d706b62f3542d4,cloth_sphere7_l,0.0001,aa6aa449f3eb2fdc8b0a9404ea00558d4e6a5a8c448fcf3f6d7e686446d7e5c4,True,False,False
ablation_sphere_full_refit_2,performance_diagnostic,completed,100,11.263217500000001,12.89100000000144,33b4db4cf7deda3573e3cc802ee2b865b00254608db2ef69bfa57502b5ba4983,2429bb0d5563d6c68f339412e2528c33fa2412c77c610dd739d706b62f3542d4,cloth_sphere7_l,0.0001,aa6aa449f3eb2fdc8b0a9404ea00558d4e6a5a8c448fcf3f6d7e686446d7e5c4,True,False,False
ablation_sphere_full_refit_3,performance_diagnostic,completed,100,12.3902142,14.436999999999898,33b4db4cf7deda3573e3cc802ee2b865b00254608db2ef69bfa57502b5ba4983,2429bb0d5563d6c68f339412e2528c33fa2412c77c610dd739d706b62f3542d4,cloth_sphere7_l,0.0001,aa6aa449f3eb2fdc8b0a9404ea00558d4e6a5a8c448fcf3f6d7e686446d7e5c4,True,False,False
ablation_sphere_full_reuse_1,performance_diagnostic,completed,100,11.9631948,13.484000000000378,33b4db4cf7deda3573e3cc802ee2b865b00254608db2ef69bfa57502b5ba4983,2429bb0d5563d6c68f339412e2528c33fa2412c77c610dd739d706b62f3542d4,cloth_sphere7_l,0.0001,aa6aa449f3eb2fdc8b0a9404ea00558d4e6a5a8c448fcf3f6d7e686446d7e5c4,True,False,False
ablation_sphere_full_reuse_2,performance_diagnostic,completed,100,11.4091376,12.936999999999898,33b4db4cf7deda3573e3cc802ee2b865b00254608db2ef69bfa57502b5ba4983,2429bb0d5563d6c68f339412e2528c33fa2412c77c610dd739d706b62f3542d4,cloth_sphere7_l,0.0001,aa6aa449f3eb2fdc8b0a9404ea00558d4e6a5a8c448fcf3f6d7e686446d7e5c4,True,False,False
ablation_sphere_full_reuse_3,performance_diagnostic,completed,100,12.8623434,14.76600000000144,33b4db4cf7deda3573e3cc802ee2b865b00254608db2ef69bfa57502b5ba4983,2429bb0d5563d6c68f339412e2528c33fa2412c77c610dd739d706b62f3542d4,cloth_sphere7_l,0.0001,aa6aa449f3eb2fdc8b0a9404ea00558d4e6a5a8c448fcf3f6d7e686446d7e5c4,True,False,False
ablation_sphere_minus_batch_1,performance_diagnostic,completed,100,11.4932111,12.843999999999141,34e4446fe3d2a6a66b368c1f8028e8f79f0e6657606f44ecc11cbc034d4f50f7,2429bb0d5563d6c68f339412e2528c33fa2412c77c610dd739d706b62f3542d4,cloth_sphere7_l,0.0001,aa6aa449f3eb2fdc8b0a9404ea00558d4e6a5a8c448fcf3f6d7e686446d7e5c4,True,False,False
ablation_sphere_minus_batch_2,performance_diagnostic,completed,100,12.2489075,14.078999999999724,34e4446fe3d2a6a66b368c1f8028e8f79f0e6657606f44ecc11cbc034d4f50f7,2429bb0d5563d6c68f339412e2528c33fa2412c77c610dd739d706b62f3542d4,cloth_sphere7_l,0.0001,aa6aa449f3eb2fdc8b0a9404ea00558d4e6a5a8c448fcf3f6d7e686446d7e5c4,True,False,False
ablation_sphere_minus_batch_3,performance_diagnostic,completed,100,12.4844499,14.109000000000378,34e4446fe3d2a6a66b368c1f8028e8f79f0e6657606f44ecc11cbc034d4f50f7,2429bb0d5563d6c68f339412e2528c33fa2412c77c610dd739d706b62f3542d4,cloth_sphere7_l,0.0001,aa6aa449f3eb2fdc8b0a9404ea00558d4e6a5a8c448fcf3f6d7e686446d7e5c4,True,False,False
ablation_sphere_minus_discrete_1,performance_diagnostic,completed,100,12.1902279,14.093999999999141,e7c58c606b12aeb8e8a9d5f6177030eeacce40bb6b3c60cc561f138dace1d384,2429bb0d5563d6c68f339412e2528c33fa2412c77c610dd739d706b62f3542d4,cloth_sphere7_l,0.0001,aa6aa449f3eb2fdc8b0a9404ea00558d4e6a5a8c448fcf3f6d7e686446d7e5c4,True,False,False
ablation_sphere_minus_discrete_2,performance_diagnostic,completed,100,12.8519869,14.67200000000048,e7c58c606b12aeb8e8a9d5f6177030eeacce40bb6b3c60cc561f138dace1d384,2429bb0d5563d6c68f339412e2528c33fa2412c77c610dd739d706b62f3542d4,cloth_sphere7_l,0.0001,aa6aa449f3eb2fdc8b0a9404ea00558d4e6a5a8c448fcf3f6d7e686446d7e5c4,True,False,False
ablation_sphere_minus_discrete_3,performance_diagnostic,completed,100,12.798283,14.140000000001237,e7c58c606b12aeb8e8a9d5f6177030eeacce40bb6b3c60cc561f138dace1d384,2429bb0d5563d6c68f339412e2528c33fa2412c77c610dd739d706b62f3542d4,cloth_sphere7_l,0.0001,aa6aa449f3eb2fdc8b0a9404ea00558d4e6a5a8c448fcf3f6d7e686446d7e5c4,True,False,False
ablation_sphere_minus_refit_1,performance_diagnostic,completed,100,12.623429400000001,14.171999999998661,794eed8ce85bfb023da07aed75e63f8ac3f3523777e5d0e56027ff69518b932c,2429bb0d5563d6c68f339412e2528c33fa2412c77c610dd739d706b62f3542d4,cloth_sphere7_l,0.0001,aa6aa449f3eb2fdc8b0a9404ea00558d4e6a5a8c448fcf3f6d7e686446d7e5c4,True,False,False
ablation_sphere_minus_refit_2,performance_diagnostic,completed,100,14.208199500000001,15.95299999999952,794eed8ce85bfb023da07aed75e63f8ac3f3523777e5d0e56027ff69518b932c,2429bb0d5563d6c68f339412e2528c33fa2412c77c610dd739d706b62f3542d4,cloth_sphere7_l,0.0001,aa6aa449f3eb2fdc8b0a9404ea00558d4e6a5a8c448fcf3f6d7e686446d7e5c4,True,False,False
ablation_sphere_minus_refit_3,performance_diagnostic,completed,100,11.6027358,13.468999999999141,794eed8ce85bfb023da07aed75e63f8ac3f3523777e5d0e56027ff69518b932c,2429bb0d5563d6c68f339412e2528c33fa2412c77c610dd739d706b62f3542d4,cloth_sphere7_l,0.0001,aa6aa449f3eb2fdc8b0a9404ea00558d4e6a5a8c448fcf3f6d7e686446d7e5c4,True,False,False
ablation_sphere_minus_reuse_1,performance_diagnostic,completed,100,12.3103799,14.04700000000048,66360f62151186647e6aeaf589e2e27f6c4705fbff5600d7284eb8d632367dbb,2429bb0d5563d6c68f339412e2528c33fa2412c77c610dd739d706b62f3542d4,cloth_sphere7_l,0.0001,aa6aa449f3eb2fdc8b0a9404ea00558d4e6a5a8c448fcf3f6d7e686446d7e5c4,True,False,False
ablation_sphere_minus_reuse_2,performance_diagnostic,completed,100,11.900883799999999,13.421999999998661,66360f62151186647e6aeaf589e2e27f6c4705fbff5600d7284eb8d632367dbb,2429bb0d5563d6c68f339412e2528c33fa2412c77c610dd739d706b62f3542d4,cloth_sphere7_l,0.0001,aa6aa449f3eb2fdc8b0a9404ea00558d4e6a5a8c448fcf3f6d7e686446d7e5c4,True,False,False
ablation_sphere_minus_reuse_3,performance_diagnostic,completed,100,12.3759926,14.031000000000859,66360f62151186647e6aeaf589e2e27f6c4705fbff5600d7284eb8d632367dbb,2429bb0d5563d6c68f339412e2528c33fa2412c77c610dd739d706b62f3542d4,cloth_sphere7_l,0.0001,aa6aa449f3eb2fdc8b0a9404ea00558d4e6a5a8c448fcf3f6d7e686446d7e5c4,True,False,False
calibration_fixed_base_1,performance_diagnostic,completed,100,26.618095399999998,28.09400000000096,cd24016e6ee08e301ab168ec3607341efacd3df1561c6c217274a5e939505738,1c175da5a664bbc98657ddb6690a9902d821732c19e9b18f1f3ce0e868e05205,cloth_fixed_bunny_l,0.0001,4754d971e94186b4661dc995957def79d344ae22db7dd5301679c1ae088f23c2,False,False,False
calibration_fixed_base_2,performance_diagnostic,completed,100,24.4795545,25.860000000000582,cd24016e6ee08e301ab168ec3607341efacd3df1561c6c217274a5e939505738,1c175da5a664bbc98657ddb6690a9902d821732c19e9b18f1f3ce0e868e05205,cloth_fixed_bunny_l,0.0001,4754d971e94186b4661dc995957def79d344ae22db7dd5301679c1ae088f23c2,False,False,False
calibration_fixed_base_3,performance_diagnostic,completed,100,22.4717363,23.735000000000582,cd24016e6ee08e301ab168ec3607341efacd3df1561c6c217274a5e939505738,1c175da5a664bbc98657ddb6690a9902d821732c19e9b18f1f3ce0e868e05205,cloth_fixed_bunny_l,0.0001,4754d971e94186b4661dc995957def79d344ae22db7dd5301679c1ae088f23c2,False,False,False
calibration_sphere_base_1,performance_diagnostic,completed,100,17.5126255,18.686999999999898,921c65b5069e707f6700e907dacc33d439bb89343f54e2a5354fd733b68a52ee,1c175da5a664bbc98657ddb6690a9902d821732c19e9b18f1f3ce0e868e05205,cloth_sphere7_l,0.0001,aa6aa449f3eb2fdc8b0a9404ea00558d4e6a5a8c448fcf3f6d7e686446d7e5c4,False,False,False
calibration_sphere_base_2,performance_diagnostic,completed,100,18.338576,19.561999999999898,921c65b5069e707f6700e907dacc33d439bb89343f54e2a5354fd733b68a52ee,1c175da5a664bbc98657ddb6690a9902d821732c19e9b18f1f3ce0e868e05205,cloth_sphere7_l,0.0001,aa6aa449f3eb2fdc8b0a9404ea00558d4e6a5a8c448fcf3f6d7e686446d7e5c4,False,False,False
calibration_sphere_base_3,performance_diagnostic,completed,100,17.985122800000003,19.063000000000102,921c65b5069e707f6700e907dacc33d439bb89343f54e2a5354fd733b68a52ee,1c175da5a664bbc98657ddb6690a9902d821732c19e9b18f1f3ce0e868e05205,cloth_sphere7_l,0.0001,aa6aa449f3eb2fdc8b0a9404ea00558d4e6a5a8c448fcf3f6d7e686446d7e5c4,False,False,False
cost_fixed_combined,cost,completed,100,17.3317302,19.610000000000582,f2c6c8be8431579299864624eefd9c2b82d549468ecac5909d57f6c1d455b4a3,2429bb0d5563d6c68f339412e2528c33fa2412c77c610dd739d706b62f3542d4,cloth_fixed_bunny_l,0.0001,4754d971e94186b4661dc995957def79d344ae22db7dd5301679c1ae088f23c2,True,False,False
cost_sphere_combined,cost,completed,100,9.9312907,11.514999999999418,2101e45571b685ffce9ef3508cefa78d262ee703a453b53afe38c65ded05d4a9,2429bb0d5563d6c68f339412e2528c33fa2412c77c610dd739d706b62f3542d4,cloth_sphere7_l,0.0001,aa6aa449f3eb2fdc8b0a9404ea00558d4e6a5a8c448fcf3f6d7e686446d7e5c4,True,False,False
holdout_fixed_base_1,performance_diagnostic,completed,100,21.527047500000002,23.188000000000102,cd24016e6ee08e301ab168ec3607341efacd3df1561c6c217274a5e939505738,1c175da5a664bbc98657ddb6690a9902d821732c19e9b18f1f3ce0e868e05205,cloth_fixed_bunny_l,0.0001,4754d971e94186b4661dc995957def79d344ae22db7dd5301679c1ae088f23c2,False,False,False
holdout_fixed_base_2,performance_diagnostic,completed,100,21.2859906,22.54700000000048,cd24016e6ee08e301ab168ec3607341efacd3df1561c6c217274a5e939505738,1c175da5a664bbc98657ddb6690a9902d821732c19e9b18f1f3ce0e868e05205,cloth_fixed_bunny_l,0.0001,4754d971e94186b4661dc995957def79d344ae22db7dd5301679c1ae088f23c2,False,False,False
holdout_sphere_base_1,performance_diagnostic,completed,100,19.383872200000003,20.78100000000086,921c65b5069e707f6700e907dacc33d439bb89343f54e2a5354fd733b68a52ee,1c175da5a664bbc98657ddb6690a9902d821732c19e9b18f1f3ce0e868e05205,cloth_sphere7_l,0.0001,aa6aa449f3eb2fdc8b0a9404ea00558d4e6a5a8c448fcf3f6d7e686446d7e5c4,False,False,False
holdout_sphere_base_2,performance_diagnostic,completed,100,19.134323499999997,20.20299999999952,921c65b5069e707f6700e907dacc33d439bb89343f54e2a5354fd733b68a52ee,1c175da5a664bbc98657ddb6690a9902d821732c19e9b18f1f3ce0e868e05205,cloth_sphere7_l,0.0001,aa6aa449f3eb2fdc8b0a9404ea00558d4e6a5a8c448fcf3f6d7e686446d7e5c4,False,False,False
observation_fixed_base_1,observer,completed,100,21.5969184,23.125,4d5cd25c3b18f6b44a07b249002956218fd1918a32bf8d7916f8a700fc37a888,4d0540489f049d75aac605f129c7fcaecd3ff0a246a1a97bc528730febeaf6b4,cloth_fixed_bunny_l,0.0001,4754d971e94186b4661dc995957def79d344ae22db7dd5301679c1ae088f23c2,True,False,False
observation_fixed_base_2,observer,completed,100,22.4059947,23.796000000000276,4d5cd25c3b18f6b44a07b249002956218fd1918a32bf8d7916f8a700fc37a888,4d0540489f049d75aac605f129c7fcaecd3ff0a246a1a97bc528730febeaf6b4,cloth_fixed_bunny_l,0.0001,4754d971e94186b4661dc995957def79d344ae22db7dd5301679c1ae088f23c2,True,False,False
observation_sphere_base_1,observer,configuration_failed,100,14.3594165,16.07800000000134,8f8d669a74e92f84f61200baf1ec007b52cdc052a53c195be55842e94e4a348b,4d0540489f049d75aac605f129c7fcaecd3ff0a246a1a97bc528730febeaf6b4,cloth_sphere7_l,0.0001,aa6aa449f3eb2fdc8b0a9404ea00558d4e6a5a8c448fcf3f6d7e686446d7e5c4,True,False,False
observation_sphere_base_2,observer,completed,100,14.645715000000001,15.906999999999243,8f8d669a74e92f84f61200baf1ec007b52cdc052a53c195be55842e94e4a348b,4d0540489f049d75aac605f129c7fcaecd3ff0a246a1a97bc528730febeaf6b4,cloth_sphere7_l,0.0001,aa6aa449f3eb2fdc8b0a9404ea00558d4e6a5a8c448fcf3f6d7e686446d7e5c4,True,False,False
profile_fixed_f65_graph,nsight,completed,100,,25.0,2c18532cedfb70b19c88d7b11310c585060c60f1aac30196a4a6853f111a38ea,2429bb0d5563d6c68f339412e2528c33fa2412c77c610dd739d706b62f3542d4,cloth_fixed_bunny_l,0.0001,4754d971e94186b4661dc995957def79d344ae22db7dd5301679c1ae088f23c2,True,False,False
profile_sphere_f49_node,nsight,completed,100,,24.32799999999952,7a8f28eb8efeaffcb39262734b0583c0f4360e834caab69a371f388a0b1333f6,2429bb0d5563d6c68f339412e2528c33fa2412c77c610dd739d706b62f3542d4,cloth_sphere7_l,0.0001,aa6aa449f3eb2fdc8b0a9404ea00558d4e6a5a8c448fcf3f6d7e686446d7e5c4,True,False,False
screen_fixed_combined_1,performance_diagnostic,completed,100,14.2182745,16.39100000000144,a2bfebeb158c9926cf296701c4c91daec05ff762e8df9bf8149646c38b23c337,2429bb0d5563d6c68f339412e2528c33fa2412c77c610dd739d706b62f3542d4,cloth_fixed_bunny_l,0.0001,4754d971e94186b4661dc995957def79d344ae22db7dd5301679c1ae088f23c2,True,False,False
screen_fixed_combined_2,performance_diagnostic,completed,100,14.0828418,15.79700000000048,a2bfebeb158c9926cf296701c4c91daec05ff762e8df9bf8149646c38b23c337,2429bb0d5563d6c68f339412e2528c33fa2412c77c610dd739d706b62f3542d4,cloth_fixed_bunny_l,0.0001,4754d971e94186b4661dc995957def79d344ae22db7dd5301679c1ae088f23c2,True,False,False
screen_fixed_combined_3,performance_diagnostic,completed,100,13.934147,15.764999999999418,a2bfebeb158c9926cf296701c4c91daec05ff762e8df9bf8149646c38b23c337,2429bb0d5563d6c68f339412e2528c33fa2412c77c610dd739d706b62f3542d4,cloth_fixed_bunny_l,0.0001,4754d971e94186b4661dc995957def79d344ae22db7dd5301679c1ae088f23c2,True,False,False
screen_fixed_graph_1,performance_diagnostic,completed,100,15.7471457,17.59400000000096,13083c6d0f3d960ea9ba3763b1af56726cd1133807ed7084c6ce258cec980f0f,2429bb0d5563d6c68f339412e2528c33fa2412c77c610dd739d706b62f3542d4,cloth_fixed_bunny_l,0.0001,4754d971e94186b4661dc995957def79d344ae22db7dd5301679c1ae088f23c2,True,False,False
screen_fixed_graph_2,performance_diagnostic,completed,100,15.392552400000001,17.60900000000038,13083c6d0f3d960ea9ba3763b1af56726cd1133807ed7084c6ce258cec980f0f,2429bb0d5563d6c68f339412e2528c33fa2412c77c610dd739d706b62f3542d4,cloth_fixed_bunny_l,0.0001,4754d971e94186b4661dc995957def79d344ae22db7dd5301679c1ae088f23c2,True,False,False
screen_fixed_graph_3,performance_diagnostic,completed,100,15.514991,17.60900000000038,13083c6d0f3d960ea9ba3763b1af56726cd1133807ed7084c6ce258cec980f0f,2429bb0d5563d6c68f339412e2528c33fa2412c77c610dd739d706b62f3542d4,cloth_fixed_bunny_l,0.0001,4754d971e94186b4661dc995957def79d344ae22db7dd5301679c1ae088f23c2,True,False,False
screen_sphere_combined_1,performance_diagnostic,completed,100,9.417108200000001,10.938000000000102,33b4db4cf7deda3573e3cc802ee2b865b00254608db2ef69bfa57502b5ba4983,2429bb0d5563d6c68f339412e2528c33fa2412c77c610dd739d706b62f3542d4,cloth_sphere7_l,0.0001,aa6aa449f3eb2fdc8b0a9404ea00558d4e6a5a8c448fcf3f6d7e686446d7e5c4,True,False,False
screen_sphere_combined_2,performance_diagnostic,completed,100,9.2534431,11.04700000000048,33b4db4cf7deda3573e3cc802ee2b865b00254608db2ef69bfa57502b5ba4983,2429bb0d5563d6c68f339412e2528c33fa2412c77c610dd739d706b62f3542d4,cloth_sphere7_l,0.0001,aa6aa449f3eb2fdc8b0a9404ea00558d4e6a5a8c448fcf3f6d7e686446d7e5c4,True,False,False
screen_sphere_combined_3,performance_diagnostic,completed,100,9.404425999999999,10.921999999998661,33b4db4cf7deda3573e3cc802ee2b865b00254608db2ef69bfa57502b5ba4983,2429bb0d5563d6c68f339412e2528c33fa2412c77c610dd739d706b62f3542d4,cloth_sphere7_l,0.0001,aa6aa449f3eb2fdc8b0a9404ea00558d4e6a5a8c448fcf3f6d7e686446d7e5c4,True,False,False
screen_sphere_graph_1,performance_diagnostic,completed,100,10.4709055,12.186999999999898,9139903add7f451daa80fdd0873873e8e5a39358357f02774d8133a33a1a379c,2429bb0d5563d6c68f339412e2528c33fa2412c77c610dd739d706b62f3542d4,cloth_sphere7_l,0.0001,aa6aa449f3eb2fdc8b0a9404ea00558d4e6a5a8c448fcf3f6d7e686446d7e5c4,True,False,False
screen_sphere_graph_2,performance_diagnostic,completed,100,11.197242000000001,12.79700000000048,9139903add7f451daa80fdd0873873e8e5a39358357f02774d8133a33a1a379c,2429bb0d5563d6c68f339412e2528c33fa2412c77c610dd739d706b62f3542d4,cloth_sphere7_l,0.0001,aa6aa449f3eb2fdc8b0a9404ea00558d4e6a5a8c448fcf3f6d7e686446d7e5c4,True,False,False
screen_sphere_graph_3,performance_diagnostic,completed,100,10.8314238,12.156999999999243,9139903add7f451daa80fdd0873873e8e5a39358357f02774d8133a33a1a379c,2429bb0d5563d6c68f339412e2528c33fa2412c77c610dd739d706b62f3542d4,cloth_sphere7_l,0.0001,aa6aa449f3eb2fdc8b0a9404ea00558d4e6a5a8c448fcf3f6d7e686446d7e5c4,True,False,False
