index,name,case,arm,status,hard_pass,solver_s,core_event_s,wall_s,assembly_s,linear_s,ccd_s,line_search_s,state_update_s,exit_assembly_s,linear_directions,pcg_iterations,native_narrow_nonzero_frames,native_narrow_first_frame,max_stretch,p99_stretch,fixed_drift_m,fem_min_J,fem_nonpositive_peak,fem_nonpositive_frame_sum,fem_negative_volume_peak,abd_min_J,abd_nonpositive_frames,exe_sha256,config_sha256
1,p1_hang_l_original_stiff,hang_l,original_stiff,completed,True,1.9460854859999999,1.93394,2.973695684224367,0.14944656026363373,1.0072114540338517,0.2633126082718372,0.4813394894003868,0.0035180479981936513,,442,14024,10,41,1.1288762104885455,1.0324093370627336,0.0,,0,0,0,,0,a104ea4773e5ec98d5b55f3265ea6506c495b879abce1920ebcb503632c961a3,cda28a26ae2363c8ce700c9f522c1e4d041c1b7ac8e9b2ee712dffa8187b4e1a
2,p1_hang_l_ipc_host,hang_l,ipc_host,completed,True,1.921714987,1.90138,2.8960160398855805,0.14856067179143428,0.9769544302225113,0.2587220796048641,0.4770994880795479,0.0034855999979190528,,442,14022,10,41,1.128876200013117,1.032409334506314,0.0,,0,0,0,,0,cf4dcb0a12587ce87aab908f62dd85e4fb260d9fb87269f0aa5d92d86c75ea82,36ae615de217a6a05ce9f46ec29b5a17c39b8a86b91b4272830c0394d438101c
3,p1_hang_l_ipc_graph,hang_l,ipc_graph,completed,True,1.585070465,1.56328,3.0253034960478544,0.14848473617434502,0.6363360963463783,0.2581638401150703,0.4766780166625977,0.003501855988521129,,442,14019,10,41,1.1288762161372752,1.0324093378632562,0.0,,0,0,0,,0,cf4dcb0a12587ce87aab908f62dd85e4fb260d9fb87269f0aa5d92d86c75ea82,045e929bec7ed0ef528dcca0f07770bca86a4a83a5bcb0aefbcfc30ccf515eeb
4,p1_hang_l_combined_graph,hang_l,combined_graph,completed,True,1.440417038,1.41648,2.3424791237339377,0.1516002876907587,0.6511064633131027,0.18139456003904342,0.3873059839010239,0.003642143983859569,,442,14024,10,41,1.1288762100999512,1.0324093363650357,0.0,,0,0,0,,0,cf4dcb0a12587ce87aab908f62dd85e4fb260d9fb87269f0aa5d92d86c75ea82,fad328cb7681e19daa1fad9ee9d016ec1b230cefda6a37e91b66d3e463801f81
5,p1_sphere_l_combined_graph,sphere_l,combined_graph,completed,True,3.534978042,3.50504,4.686565186828375,0.5068088321089744,1.2745635193586349,0.3109603837132454,1.3473435509204865,0.008009152004495264,,558,24343,79,22,1.0189766536725795,1.0141456930807482,6.162975822039155e-33,,0,0,0,1.0,0,cf4dcb0a12587ce87aab908f62dd85e4fb260d9fb87269f0aa5d92d86c75ea82,33b4db4cf7deda3573e3cc802ee2b865b00254608db2ef69bfa57502b5ba4983
6,p1_sphere_l_ipc_graph,sphere_l,ipc_graph,completed,True,4.068955834,4.0401,5.311385586857796,0.5307994886636734,1.3407822377681733,0.45472131156921386,1.6514829095602035,0.008455584005452692,,589,25948,79,22,1.0197573630700008,1.0141582602299484,6.162975822039155e-33,,0,0,0,1.0,0,cf4dcb0a12587ce87aab908f62dd85e4fb260d9fb87269f0aa5d92d86c75ea82,9139903add7f451daa80fdd0873873e8e5a39358357f02774d8133a33a1a379c
7,p1_sphere_l_ipc_host,sphere_l,ipc_host,completed,True,4.445695877,4.41862,5.975600405596197,0.4970905281305313,1.9247825253009796,0.4196680958271027,1.5128980479240417,0.008210016008466482,,558,23708,79,22,1.0190780983044958,1.0141769361606177,6.162975822039155e-33,,0,0,0,1.0,0,cf4dcb0a12587ce87aab908f62dd85e4fb260d9fb87269f0aa5d92d86c75ea82,8f8d669a74e92f84f61200baf1ec007b52cdc052a53c195be55842e94e4a348b
8,p1_sphere_l_original_stiff,sphere_l,original_stiff,completed,True,4.199432294999999,4.18236,5.30836739949882,0.47160777601599696,1.771597664475441,0.40271619147062304,1.4817657606601715,0.0069606400094926356,,546,23408,79,22,1.0189530373079185,1.0141765040658985,6.162975822039155e-33,,0,0,0,1.0,0,a104ea4773e5ec98d5b55f3265ea6506c495b879abce1920ebcb503632c961a3,921c65b5069e707f6700e907dacc33d439bb89343f54e2a5354fd733b68a52ee
9,p1_hang_m_original_stiff,hang_m,original_stiff,completed,True,4.359640435999999,4.34635,5.317052693106234,0.3582300486266613,2.721905568122864,0.3695544001162052,0.8386326712369919,0.00657875201292336,,538,33448,63,38,1.179148398199368,1.0283349778320092,0.0,,0,0,0,,0,a104ea4773e5ec98d5b55f3265ea6506c495b879abce1920ebcb503632c961a3,419bfa84837474a040c955941c9a09f42497be40734906ef8d10f10575558705
10,p1_hang_m_ipc_host,hang_m,ipc_host,completed,True,4.050179138,4.02733,5.266835478134453,0.3358269439339638,2.4954507496356966,0.3477728639543056,0.7766799676418304,0.00613801602832973,,510,31569,63,38,1.1790914232578513,1.0283460722664517,0.0,,0,0,0,,0,cf4dcb0a12587ce87aab908f62dd85e4fb260d9fb87269f0aa5d92d86c75ea82,1ed07b4ca5086d23322b8735aadb48efc9312ac57117b4df1b95f899fb8e902a
11,p1_hang_m_ipc_graph,hang_m,ipc_graph,completed,True,3.409850092,3.38478,4.740831268019974,0.35681516829133036,1.764957346200943,0.3656925120949745,0.8246575354337692,0.0064746559918858115,,533,33246,63,38,1.1790989719004457,1.0283390628487632,0.0,,0,0,0,,0,cf4dcb0a12587ce87aab908f62dd85e4fb260d9fb87269f0aa5d92d86c75ea82,4db2a7d96427132be0130c85abf1520aa8117bc53295d09de67e99e724891f1b
12,p1_hang_m_combined_graph,hang_m,combined_graph,completed,True,3.1545310570000002,3.12944,4.7710139732807875,0.35171398434042933,1.7564202865362168,0.2631485121250153,0.6883598405718804,0.006027008012868464,,527,32936,63,38,1.1791011715281843,1.0283456985900787,0.0,,0,0,0,,0,cf4dcb0a12587ce87aab908f62dd85e4fb260d9fb87269f0aa5d92d86c75ea82,9a66e00c9350c361252b90cd15c830025be2c9b7cf665d16238324eabec4313f
13,p1_sphere_m_combined_graph,sphere_m,combined_graph,completed,True,5.4527830889999995,5.42293,7.264133110642433,0.6542042236924172,2.4419941123723983,0.4505369926691055,1.8048076776266098,0.00783075200393796,,547,39247,79,22,1.0221397398256014,1.0146990900089563,3.0814879110195774e-33,,0,0,0,1.0,0,cf4dcb0a12587ce87aab908f62dd85e4fb260d9fb87269f0aa5d92d86c75ea82,81ed945df8e5701a60a96acdd69b4d2d18988678108b3a2d4d843b34a20c0ae2
14,p1_sphere_m_ipc_graph,sphere_m,ipc_graph,completed,True,5.768451831999999,5.73584,7.363390628248453,0.6632215368151665,2.432016445994377,0.5520283523797989,2.0172135659456254,0.008170495996717363,,553,38433,79,22,1.0219683266969748,1.0145499572463248,3.0814879110195774e-33,,0,0,0,1.0,0,cf4dcb0a12587ce87aab908f62dd85e4fb260d9fb87269f0aa5d92d86c75ea82,84add16cc131379d7c18640dc528f063ab4eb92e18e81c4b9b2a7c14edda89b8
15,p1_sphere_m_ipc_host,sphere_m,ipc_host,completed,True,6.539699936,6.51487,7.850325942970812,0.6219687048792839,3.3853742069005968,0.5175003842711449,1.9257646696567536,0.007162175990641117,,546,38342,79,22,1.023649550507567,1.014799174623642,0.0,,0,0,0,1.0,0,cf4dcb0a12587ce87aab908f62dd85e4fb260d9fb87269f0aa5d92d86c75ea82,16288ad48c5bd4cb415ab42b9e98397dc5638f93766999b100b09cc6a2ff54fa
16,p1_sphere_m_original_stiff,sphere_m,original_stiff,completed,True,6.651065942,6.63676,7.603863156400621,0.6329961271882057,3.4558718428611757,0.5235654725432396,1.971003807783127,0.007031967987772078,,555,39106,79,22,1.0237198373192915,1.0145771730750281,0.0,,0,0,0,1.0,0,a104ea4773e5ec98d5b55f3265ea6506c495b879abce1920ebcb503632c961a3,752a45e6fb532be928db0c6769bf72fb880248a33c03ab83aa6fa47491ee3679
