index,name,phase,scene,arm,status,hard_pass,solver_s,core_event_s,wall_s,assembly_s,linear_s,ccd_s,line_search_s,state_s,exit_assembly_s,linear_directions,pcg,max_stretch,p99_stretch,fem_min_J,negative_volume,exe_sha256,config_sha256
1,calibration1_hang_original_stiff,calibration,hang,original_stiff,completed,True,1.97361233,1.96189,2.9394257413223386,0.1534812160730362,1.019511745274067,0.2651556158065796,0.4897497608661652,0.003744351993314922,,442,14021,1.1288762007930087,1.0324093343009504,,0,a104ea4773e5ec98d5b55f3265ea6506c495b879abce1920ebcb503632c961a3,cda28a26ae2363c8ce700c9f522c1e4d041c1b7ac8e9b2ee712dffa8187b4e1a
2,calibration2_hang_original_stiff,calibration,hang,original_stiff,completed,True,2.002217547,1.99018,3.118326769210398,0.1545453756451607,1.0426544008255005,0.2660963203907013,0.49281567984819413,0.0037378239980898798,,442,14021,1.1288762130075327,1.0324093371105032,,0,a104ea4773e5ec98d5b55f3265ea6506c495b879abce1920ebcb503632c961a3,cda28a26ae2363c8ce700c9f522c1e4d041c1b7ac8e9b2ee712dffa8187b4e1a
3,calibration3_hang_original_stiff,calibration,hang,original_stiff,completed,True,2.060037722,2.04552,2.969328603707254,0.15649292774498463,1.0913297271728515,0.2695715519785881,0.4924187834262848,0.004028031992260366,,442,14022,1.1288762017050364,1.0324093342943252,,0,a104ea4773e5ec98d5b55f3265ea6506c495b879abce1920ebcb503632c961a3,cda28a26ae2363c8ce700c9f522c1e4d041c1b7ac8e9b2ee712dffa8187b4e1a
4,verification1_hang_original_stiff,verification,hang,original_stiff,completed,True,2.046575052,2.03229,3.0739534739404917,0.1558094399869442,1.079762079179287,0.26918508851528167,0.49299660784006116,0.0039044799944385885,,442,14022,1.1288762333611615,1.0324093424031677,,0,a104ea4773e5ec98d5b55f3265ea6506c495b879abce1920ebcb503632c961a3,cda28a26ae2363c8ce700c9f522c1e4d041c1b7ac8e9b2ee712dffa8187b4e1a
5,verification2_hang_original_stiff,verification,hang,original_stiff,completed,True,2.060441833,2.04553,3.037414787337184,0.15669152007997036,1.0895820822119713,0.26871929633617403,0.49384585523605345,0.004113760005682707,,442,14022,1.1288762100682241,1.0324093360354278,,0,a104ea4773e5ec98d5b55f3265ea6506c495b879abce1920ebcb503632c961a3,cda28a26ae2363c8ce700c9f522c1e4d041c1b7ac8e9b2ee712dffa8187b4e1a
6,calibration1_fixed_original_stiff,calibration,fixed,original_stiff,completed,True,5.562589772,5.54442,6.75917643122375,0.5673482898175717,3.2739113945961,0.48297363191843035,1.1325416016578673,0.009851872014813126,,585,37476,1.0354085374677142,1.0135011313027862,,0,a104ea4773e5ec98d5b55f3265ea6506c495b879abce1920ebcb503632c961a3,cd24016e6ee08e301ab168ec3607341efacd3df1561c6c217274a5e939505738
7,calibration2_fixed_original_stiff,calibration,fixed,original_stiff,completed,True,5.413050645,5.39159,6.790419454686344,0.5677223355174065,3.1449296276569365,0.475568832218647,1.1136163502931595,0.009830239987932145,,590,37431,1.0356156091687554,1.0137289480854248,,0,a104ea4773e5ec98d5b55f3265ea6506c495b879abce1920ebcb503632c961a3,cd24016e6ee08e301ab168ec3607341efacd3df1561c6c217274a5e939505738
8,calibration3_fixed_original_stiff,calibration,fixed,original_stiff,completed,True,5.225039364000001,5.20729,6.812618995085359,0.5519866244792938,3.0125285391807557,0.4691571524143219,1.0892146869897843,0.00902607998996973,,585,37402,1.0355454354947586,1.0136173764493208,,0,a104ea4773e5ec98d5b55f3265ea6506c495b879abce1920ebcb503632c961a3,cd24016e6ee08e301ab168ec3607341efacd3df1561c6c217274a5e939505738
9,verification1_fixed_original_stiff,verification,fixed,original_stiff,completed,True,5.289516679999999,5.27116,6.699159439653158,0.5548904961049557,3.0496404818296434,0.4724218239784241,1.106813889026642,0.009416224013548344,,585,37249,1.0358894291148306,1.0133734501018872,,0,a104ea4773e5ec98d5b55f3265ea6506c495b879abce1920ebcb503632c961a3,cd24016e6ee08e301ab168ec3607341efacd3df1561c6c217274a5e939505738
10,verification2_fixed_original_stiff,verification,fixed,original_stiff,completed,True,5.2392057670000005,5.2225,6.630860326811671,0.5459629444479942,3.0143507189750673,0.46877129560709,1.1083051499128342,0.009002239999361335,,585,37384,1.0355828977130257,1.0133101417123636,,0,a104ea4773e5ec98d5b55f3265ea6506c495b879abce1920ebcb503632c961a3,cd24016e6ee08e301ab168ec3607341efacd3df1561c6c217274a5e939505738
11,calibration1_mixed_original_stiff,calibration,mixed,original_stiff,completed,True,8.462590098,8.44416,10.44303638767451,1.648662302494049,3.2209442245960234,0.9279296955466271,2.4324024670124054,0.01032016000431031,,603,19642,1.1743662661454208,1.092527190966457,-0.6528035474863624,1.4489912074903546e-07,a104ea4773e5ec98d5b55f3265ea6506c495b879abce1920ebcb503632c961a3,20b9c6fa8ecdc8376a061f665a349be6ada4a30b8f52640effc39bee8a601683
12,calibration2_mixed_original_stiff,calibration,mixed,original_stiff,completed,True,8.673914478999999,8.61887,10.360598236322403,1.6803845808506013,3.2937580139636995,0.9431103027462959,2.4847032647132874,0.010847103984095156,,611,19976,1.1758075440704256,1.092522585344358,-0.6322401316308577,1.5195444725822937e-07,a104ea4773e5ec98d5b55f3265ea6506c495b879abce1920ebcb503632c961a3,20b9c6fa8ecdc8376a061f665a349be6ada4a30b8f52640effc39bee8a601683
13,calibration3_mixed_original_stiff,calibration,mixed,original_stiff,completed,True,8.853237873,8.83097,10.50135902594775,1.7016637132167816,3.4255427556037903,0.95765558552742,2.5255444135665894,0.011970175971277058,,612,19991,1.1695126843453827,1.0925221689202052,-0.34206780524981645,9.021785248231725e-08,a104ea4773e5ec98d5b55f3265ea6506c495b879abce1920ebcb503632c961a3,20b9c6fa8ecdc8376a061f665a349be6ada4a30b8f52640effc39bee8a601683
14,verification1_mixed_original_stiff,verification,mixed,original_stiff,completed,True,8.526936007,8.50886,10.089231807738543,1.652827936410904,3.268904861688614,0.9331621454954148,2.4325313947200775,0.010575967994518577,,602,19527,1.1775325966630148,1.0925220307955703,-0.6360158922362902,1.4495199217419064e-07,a104ea4773e5ec98d5b55f3265ea6506c495b879abce1920ebcb503632c961a3,20b9c6fa8ecdc8376a061f665a349be6ada4a30b8f52640effc39bee8a601683
15,verification2_mixed_original_stiff,verification,mixed,original_stiff,completed,True,8.580697689,8.56151,10.536838394589722,1.6751165766716003,3.2687338852882384,0.9328226561546326,2.4694308743476867,0.010996607994660736,,608,19730,1.1768994622759228,1.0926984314465795,-0.6892757625922807,1.5490322980915067e-07,a104ea4773e5ec98d5b55f3265ea6506c495b879abce1920ebcb503632c961a3,20b9c6fa8ecdc8376a061f665a349be6ada4a30b8f52640effc39bee8a601683
16,p1_hang_original_stiff,paired,hang,original_stiff,completed,True,2.078148267,2.06422,2.9704855140298605,0.1565423679202795,1.1076449290513992,0.268972480326891,0.49548399966955187,0.004151999999303371,,442,14019,1.1288762109032122,1.032409336706724,,0,a104ea4773e5ec98d5b55f3265ea6506c495b879abce1920ebcb503632c961a3,cda28a26ae2363c8ce700c9f522c1e4d041c1b7ac8e9b2ee712dffa8187b4e1a
17,p1_hang_combined_graph,paired,hang,combined_graph,completed,True,1.502983717,1.47562,2.9163925908505917,0.16017199997603893,0.6788739520907402,0.18600467167794704,0.40012499162554743,0.004686624000780284,,442,14021,1.1288762206998573,1.0324093393953264,,0,cf4dcb0a12587ce87aab908f62dd85e4fb260d9fb87269f0aa5d92d86c75ea82,fad328cb7681e19daa1fad9ee9d016ec1b230cefda6a37e91b66d3e463801f81
18,p1_hang_ipc_host,paired,hang,ipc_host,completed,True,2.13501327,2.10975,3.6758946795016527,0.15570239998400212,1.1351347198486328,0.27375459229946136,0.4999092154502869,0.0043950079907663165,,442,14021,1.1288762131530263,1.0324093377188692,,0,cf4dcb0a12587ce87aab908f62dd85e4fb260d9fb87269f0aa5d92d86c75ea82,36ae615de217a6a05ce9f46ec29b5a17c39b8a86b91b4272830c0394d438101c
19,p1_hang_ipc_graph,paired,hang,ipc_graph,completed,True,1.715056259,1.68784,2.92665493208915,0.15923718433082104,0.6828850877285003,0.28465884816646575,0.5102741110920906,0.004737536005675793,,442,14018,1.128876220906223,1.0324093396543452,,0,cf4dcb0a12587ce87aab908f62dd85e4fb260d9fb87269f0aa5d92d86c75ea82,045e929bec7ed0ef528dcca0f07770bca86a4a83a5bcb0aefbcfc30ccf515eeb
20,p1_fixed_original_stiff,paired,fixed,original_stiff,completed,True,5.38567134,5.37121,6.618033724837005,0.5648366078734398,3.1026538214683534,0.4815916158556938,1.1371530865430832,0.009174592002294958,,603,38232,1.035415038060429,1.0131839649923058,,0,a104ea4773e5ec98d5b55f3265ea6506c495b879abce1920ebcb503632c961a3,cd24016e6ee08e301ab168ec3607341efacd3df1561c6c217274a5e939505738
21,p1_fixed_combined_graph,paired,fixed,combined_graph,completed,True,3.9146528309999997,3.8868,5.418530683964491,0.5516275519728661,1.9674555188417435,0.35852553647756574,0.9108601602315902,0.009224031976424157,,583,37086,1.0365885637722938,1.0134753377388435,,0,cf4dcb0a12587ce87aab908f62dd85e4fb260d9fb87269f0aa5d92d86c75ea82,a2bfebeb158c9926cf296701c4c91daec05ff762e8df9bf8149646c38b23c337
22,p1_fixed_ipc_host,paired,fixed,ipc_host,completed,True,5.230795925000001,5.2065,7.154601184651256,0.5443414079546929,3.0178239003419876,0.46592662400007245,1.0848875846862793,0.008947200012393295,,581,37018,1.0352931068618623,1.01341658981266,,0,cf4dcb0a12587ce87aab908f62dd85e4fb260d9fb87269f0aa5d92d86c75ea82,4d5cd25c3b18f6b44a07b249002956218fd1918a32bf8d7916f8a700fc37a888
23,p1_fixed_ipc_graph,paired,fixed,ipc_graph,completed,True,4.198821078,4.17145,6.006891457363963,0.5470622392594814,1.9563536361455918,0.4676525118947029,1.1019795509576797,0.009190879995003343,,580,37223,1.0352043431670044,1.0133518416527485,,0,cf4dcb0a12587ce87aab908f62dd85e4fb260d9fb87269f0aa5d92d86c75ea82,13083c6d0f3d960ea9ba3763b1af56726cd1133807ed7084c6ce258cec980f0f
24,p1_mixed_original_stiff,paired,mixed,original_stiff,completed,True,8.394377275,8.37923,10.225942867808044,1.6368583705425261,3.1896403505802153,0.9242447996139527,2.4146704976558686,0.01034665600117296,,598,19420,1.1698343018919808,1.092522518185026,-0.39114988905451664,8.909696335015916e-08,a104ea4773e5ec98d5b55f3265ea6506c495b879abce1920ebcb503632c961a3,20b9c6fa8ecdc8376a061f665a349be6ada4a30b8f52640effc39bee8a601683
25,p1_mixed_combined_graph,paired,mixed,combined_graph,completed,True,7.84951445,7.81651,9.845553802326322,1.6778924486637115,2.8235120646953584,0.8850024942159652,2.1920678062438963,0.012348735976964235,,600,19556,1.1697595063532333,1.092521969020321,-0.3798812614139385,9.414215922253238e-08,cf4dcb0a12587ce87aab908f62dd85e4fb260d9fb87269f0aa5d92d86c75ea82,5761ee5ec2b986ffb74b2a3f0e5686e0b1641e0abe19447c2cdc9a5fabab5b7f
26,p1_mixed_ipc_host,paired,mixed,ipc_host,completed,True,8.495772534,8.46542,10.870964035391808,1.6409825913906098,3.2721625902652742,0.9227397775053978,2.4004116456508635,0.011531424005515873,,590,19149,1.1808626368100448,1.092527708083603,-0.4194917339629326,1.0353315857346756e-07,cf4dcb0a12587ce87aab908f62dd85e4fb260d9fb87269f0aa5d92d86c75ea82,020f570ac25ab8064946d8617c2397eb9c590da6cc593921c5a69c8483321227
27,p1_mixed_ipc_graph,paired,mixed,ipc_graph,completed,True,8.102079497,8.07336,10.382639554329216,1.6614901757240295,2.798084032058716,0.9312732784152031,2.4542490565776824,0.010895680009387433,,604,19644,1.1809109240162272,1.0925272878349566,-0.6975425847256298,1.5605396954312687e-07,cf4dcb0a12587ce87aab908f62dd85e4fb260d9fb87269f0aa5d92d86c75ea82,5eaf86ac62a5ccdf5f53f8d6de9e08a60e59637473ac49ea9d3636e0c24956e9
28,p2_mixed_combined_graph,paired,mixed,combined_graph,completed,True,7.678915199,7.65093,9.728735348209739,1.6434885120391847,2.7593938221931458,0.8719615052342415,2.148770943403244,0.010718271990306675,,595,19425,1.1711248683359377,1.092524091979078,-0.30631196731879573,1.097493980439653e-07,cf4dcb0a12587ce87aab908f62dd85e4fb260d9fb87269f0aa5d92d86c75ea82,5761ee5ec2b986ffb74b2a3f0e5686e0b1641e0abe19447c2cdc9a5fabab5b7f
29,p2_mixed_original_stiff,paired,mixed,original_stiff,completed,True,8.297645877,8.28239,10.21045813523233,1.6289503676891326,3.142592957496643,0.9135211516022682,2.384068763256073,0.0101853759996593,,596,19313,1.177645977652429,1.0925202375765988,-0.6369655972907906,1.4077500012464647e-07,a104ea4773e5ec98d5b55f3265ea6506c495b879abce1920ebcb503632c961a3,20b9c6fa8ecdc8376a061f665a349be6ada4a30b8f52640effc39bee8a601683
30,p2_mixed_ipc_graph,paired,mixed,ipc_graph,completed,True,8.02849348,8.00157,10.249865335412323,1.6486862678527832,2.7726728613376617,0.9270538256764412,2.421821088552475,0.010157887998968362,,601,19650,1.1755497659023428,1.092523821727608,-0.6459218800047405,1.480731353656163e-07,cf4dcb0a12587ce87aab908f62dd85e4fb260d9fb87269f0aa5d92d86c75ea82,5eaf86ac62a5ccdf5f53f8d6de9e08a60e59637473ac49ea9d3636e0c24956e9
31,p2_mixed_ipc_host,paired,mixed,ipc_host,completed,True,8.667990619,8.63832,11.000072021968663,1.6725047054290771,3.3273301782608034,0.9398861128091812,2.471677025318146,0.011346240007318556,,604,19678,1.1697171611219614,1.0925213638187128,-0.38402867417296416,9.259721271479308e-08,cf4dcb0a12587ce87aab908f62dd85e4fb260d9fb87269f0aa5d92d86c75ea82,020f570ac25ab8064946d8617c2397eb9c590da6cc593921c5a69c8483321227
32,p2_fixed_combined_graph,paired,fixed,combined_graph,completed,True,3.9269123839999995,3.89919,5.324594531208277,0.5516539196074008,1.9877953267097472,0.35787276801466944,0.9049270071983337,0.008840063996147365,,591,38050,1.0356023588884435,1.0136661718809548,,0,cf4dcb0a12587ce87aab908f62dd85e4fb260d9fb87269f0aa5d92d86c75ea82,a2bfebeb158c9926cf296701c4c91daec05ff762e8df9bf8149646c38b23c337
33,p2_fixed_original_stiff,paired,fixed,original_stiff,completed,True,5.049917245,5.0364,6.558821428567171,0.5484821769893169,2.835952801346779,0.46689075273275377,1.1030690877437592,0.008494112005457282,,591,37601,1.035429245754119,1.013309318445816,,0,a104ea4773e5ec98d5b55f3265ea6506c495b879abce1920ebcb503632c961a3,cd24016e6ee08e301ab168ec3607341efacd3df1561c6c217274a5e939505738
34,p2_fixed_ipc_graph,paired,fixed,ipc_graph,completed,True,4.258207114,4.23158,5.871747017838061,0.5556416633427144,1.9854752011299133,0.47119616013765336,1.1224713279008864,0.008760736004449427,,595,37803,1.0356469518057188,1.0133728175949814,,0,cf4dcb0a12587ce87aab908f62dd85e4fb260d9fb87269f0aa5d92d86c75ea82,13083c6d0f3d960ea9ba3763b1af56726cd1133807ed7084c6ce258cec980f0f
35,p2_fixed_ipc_host,paired,fixed,ipc_host,completed,True,5.073090777,5.04648,6.538915731944144,0.5422775030732155,2.850953688144684,0.46371414440870284,1.0955013114213943,0.008682687999680638,,580,37096,1.0357683638887634,1.0133310692648743,,0,cf4dcb0a12587ce87aab908f62dd85e4fb260d9fb87269f0aa5d92d86c75ea82,4d5cd25c3b18f6b44a07b249002956218fd1918a32bf8d7916f8a700fc37a888
36,p2_hang_combined_graph,paired,hang,combined_graph,completed,True,1.4313286680000001,1.40811,3.0071043986827135,0.15092134438455104,0.6468962872028351,0.17961894424259664,0.38488211134076117,0.003704480005428195,,442,14023,1.1288762103369838,1.032409337008721,,0,cf4dcb0a12587ce87aab908f62dd85e4fb260d9fb87269f0aa5d92d86c75ea82,fad328cb7681e19daa1fad9ee9d016ec1b230cefda6a37e91b66d3e463801f81
37,p2_hang_original_stiff,paired,hang,original_stiff,completed,True,1.944122057,1.93123,2.9565878929570317,0.1498550719022751,1.0066600326895714,0.261601215749979,0.48010467118024824,0.0034368319911882283,,442,14023,1.128876199954259,1.0324093339273186,,0,a104ea4773e5ec98d5b55f3265ea6506c495b879abce1920ebcb503632c961a3,cda28a26ae2363c8ce700c9f522c1e4d041c1b7ac8e9b2ee712dffa8187b4e1a
38,p2_hang_ipc_graph,paired,hang,ipc_graph,completed,True,1.6658950689999998,1.63702,2.907276401296258,0.15552127961814405,0.6619923194050789,0.2721488637924194,0.49823107141256334,0.00417267199140042,,442,14023,1.128876210700689,1.0324093367935256,,0,cf4dcb0a12587ce87aab908f62dd85e4fb260d9fb87269f0aa5d92d86c75ea82,045e929bec7ed0ef528dcca0f07770bca86a4a83a5bcb0aefbcfc30ccf515eeb
39,p2_hang_ipc_host,paired,hang,ipc_host,completed,True,2.060446849,2.03747,3.6144645297899842,0.15491222409904004,1.0809190412163734,0.26740742456912997,0.4907914881706238,0.0039846399975940585,,442,14021,1.1288762442864273,1.0324093445766462,,0,cf4dcb0a12587ce87aab908f62dd85e4fb260d9fb87269f0aa5d92d86c75ea82,36ae615de217a6a05ce9f46ec29b5a17c39b8a86b91b4272830c0394d438101c
40,p3_hang_original_stiff,paired,hang,original_stiff,completed,True,1.948289559,1.93738,3.004394463263452,0.15038883221149443,1.0150912329554558,0.260354304343462,0.4787643837928772,0.0034990399964153767,,442,14021,1.128876211191069,1.032409337495357,,0,a104ea4773e5ec98d5b55f3265ea6506c495b879abce1920ebcb503632c961a3,cda28a26ae2363c8ce700c9f522c1e4d041c1b7ac8e9b2ee712dffa8187b4e1a
41,p3_hang_combined_graph,paired,hang,combined_graph,completed,True,1.412825388,1.39105,2.433142854832113,0.1489989760518074,0.6406819528341293,0.17782694406807423,0.38020377564430236,0.003441952000372112,,442,14024,1.1288762234874736,1.0324093389351492,,0,cf4dcb0a12587ce87aab908f62dd85e4fb260d9fb87269f0aa5d92d86c75ea82,fad328cb7681e19daa1fad9ee9d016ec1b230cefda6a37e91b66d3e463801f81
42,p3_hang_ipc_host,paired,hang,ipc_host,completed,True,1.976716063,1.95492,3.0052336920052767,0.1490186883211136,1.0238830385804176,0.2618911036550999,0.47955673652887343,0.0035104959877207877,,442,14017,1.1288762151546354,1.0324093375087304,,0,cf4dcb0a12587ce87aab908f62dd85e4fb260d9fb87269f0aa5d92d86c75ea82,36ae615de217a6a05ce9f46ec29b5a17c39b8a86b91b4272830c0394d438101c
43,p3_hang_ipc_graph,paired,hang,ipc_graph,completed,True,1.5927616980000001,1.57079,3.0181972524151206,0.14916992011666297,0.6397851837277413,0.25895852771401406,0.47868083238601683,0.003536159995943308,,442,14023,1.1288761979679798,1.0324093334975748,,0,cf4dcb0a12587ce87aab908f62dd85e4fb260d9fb87269f0aa5d92d86c75ea82,045e929bec7ed0ef528dcca0f07770bca86a4a83a5bcb0aefbcfc30ccf515eeb
44,p3_fixed_original_stiff,paired,fixed,original_stiff,completed,True,5.034032299000001,5.01969,6.594614773057401,0.5450912960767746,2.8241915868520735,0.465084320127964,1.103450625538826,0.008391072013415397,,589,37794,1.035728547969238,1.0136645378322058,,0,a104ea4773e5ec98d5b55f3265ea6506c495b879abce1920ebcb503632c961a3,cd24016e6ee08e301ab168ec3607341efacd3df1561c6c217274a5e939505738
45,p3_fixed_combined_graph,paired,fixed,combined_graph,completed,True,3.9301106879999996,3.90337,5.38785523828119,0.5526102726459503,1.9711071062088013,0.36076147243380546,0.9223927352428436,0.008641856011003255,,590,37479,1.0358951797899012,1.01341521295705,,0,cf4dcb0a12587ce87aab908f62dd85e4fb260d9fb87269f0aa5d92d86c75ea82,a2bfebeb158c9926cf296701c4c91daec05ff762e8df9bf8149646c38b23c337
46,p3_fixed_ipc_host,paired,fixed,ipc_host,completed,True,5.161573861,5.13343,7.213305346667767,0.5507091174125671,2.91068844807148,0.4738760012984276,1.103119135260582,0.009511520043946802,,578,36621,1.035703947503047,1.013509887845171,,0,cf4dcb0a12587ce87aab908f62dd85e4fb260d9fb87269f0aa5d92d86c75ea82,4d5cd25c3b18f6b44a07b249002956218fd1918a32bf8d7916f8a700fc37a888
47,p3_fixed_ipc_graph,paired,fixed,ipc_graph,completed,True,4.313986569,4.28432,6.015879647806287,0.5705593279004098,1.9800475559234618,0.4971649282574654,1.1346541112661361,0.009863968018442392,,583,37027,1.0360968828541675,1.013519406642911,,0,cf4dcb0a12587ce87aab908f62dd85e4fb260d9fb87269f0aa5d92d86c75ea82,13083c6d0f3d960ea9ba3763b1af56726cd1133807ed7084c6ce258cec980f0f
48,p3_mixed_original_stiff,paired,mixed,original_stiff,completed,True,8.603021485,8.58459,10.350054232403636,1.6609334378242493,3.3164196450710297,0.9420224019289016,2.450387587308884,0.010758976006880402,,602,19522,1.170800156763699,1.0925250971226435,-0.5821719402654353,1.2552065938352795e-07,a104ea4773e5ec98d5b55f3265ea6506c495b879abce1920ebcb503632c961a3,20b9c6fa8ecdc8376a061f665a349be6ada4a30b8f52640effc39bee8a601683
49,p3_mixed_combined_graph,paired,mixed,combined_graph,completed,True,7.7460053900000005,7.71696,9.596114971674979,1.654217791080475,2.7775549108982087,0.8775138581395149,2.180469219446182,0.01020150399953127,,602,19592,1.1731804806612323,1.092522728086064,-0.6255313624036786,1.4391940115098628e-07,cf4dcb0a12587ce87aab908f62dd85e4fb260d9fb87269f0aa5d92d86c75ea82,5761ee5ec2b986ffb74b2a3f0e5686e0b1641e0abe19447c2cdc9a5fabab5b7f
50,p3_mixed_ipc_host,paired,mixed,ipc_host,completed,True,8.294715999,8.27019,10.095339165069163,1.6292773749828338,3.127261184692383,0.9087724165320397,2.382280095100403,0.010290879999287426,,592,19260,1.1777501739242064,1.0925177178860626,-0.6953172311797827,1.49259575099774e-07,cf4dcb0a12587ce87aab908f62dd85e4fb260d9fb87269f0aa5d92d86c75ea82,020f570ac25ab8064946d8617c2397eb9c590da6cc593921c5a69c8483321227
51,p3_mixed_ipc_graph,paired,mixed,ipc_graph,completed,True,8.245887500999999,8.21124,10.255823251791298,1.6833707509040832,2.833447104215622,0.9588379844427108,2.5017905280590056,0.011896384016610683,,607,19812,1.1743336206374588,1.092522018925025,-0.37310528382900926,1.029968767182912e-07,cf4dcb0a12587ce87aab908f62dd85e4fb260d9fb87269f0aa5d92d86c75ea82,5eaf86ac62a5ccdf5f53f8d6de9e08a60e59637473ac49ea9d3636e0c24956e9
52,p4_mixed_combined_graph,paired,mixed,combined_graph,completed,True,7.8173168539999995,7.79003,9.742758449167013,1.667185536146164,2.799699903726578,0.8887355206012726,2.207552991747856,0.010494815982878209,,606,19749,1.1690190159814828,1.0925232417185888,-0.6962303929734097,1.5680377803146904e-07,cf4dcb0a12587ce87aab908f62dd85e4fb260d9fb87269f0aa5d92d86c75ea82,5761ee5ec2b986ffb74b2a3f0e5686e0b1641e0abe19447c2cdc9a5fabab5b7f
53,p4_mixed_original_stiff,paired,mixed,original_stiff,completed,True,8.644412555,8.6252,10.533461607061327,1.6666325137615203,3.339227233409882,0.9395251182317734,2.4635492203235625,0.011442495996132493,,601,19476,1.1755689384424854,1.0925220302215932,-0.6337474944263869,1.513506774630843e-07,a104ea4773e5ec98d5b55f3265ea6506c495b879abce1920ebcb503632c961a3,20b9c6fa8ecdc8376a061f665a349be6ada4a30b8f52640effc39bee8a601683
54,p4_fixed_combined_graph,paired,fixed,combined_graph,completed,True,3.905410693,3.87859,5.405180119909346,0.5461695051193237,1.966858399629593,0.3594903673827648,0.9093138560056686,0.008628928028978407,,587,37528,1.035473168771587,1.013431164196697,,0,cf4dcb0a12587ce87aab908f62dd85e4fb260d9fb87269f0aa5d92d86c75ea82,a2bfebeb158c9926cf296701c4c91daec05ff762e8df9bf8149646c38b23c337
55,p4_fixed_original_stiff,paired,fixed,original_stiff,completed,True,5.110723196,5.09612,6.524527721107006,0.5521460156738758,2.8500440325736998,0.4727903037071228,1.138921919941902,0.008409536018501968,,596,38162,1.0358824524153023,1.013396376379855,,0,a104ea4773e5ec98d5b55f3265ea6506c495b879abce1920ebcb503632c961a3,cd24016e6ee08e301ab168ec3607341efacd3df1561c6c217274a5e939505738
56,p4_hang_combined_graph,paired,hang,combined_graph,completed,True,1.429929738,1.40645,2.3984275264665484,0.15082755218446256,0.6448466238975525,0.18149446369707584,0.38375993648171425,0.003722336008679122,,442,14019,1.128876210399028,1.0324093368654037,,0,cf4dcb0a12587ce87aab908f62dd85e4fb260d9fb87269f0aa5d92d86c75ea82,fad328cb7681e19daa1fad9ee9d016ec1b230cefda6a37e91b66d3e463801f81
57,p4_hang_original_stiff,paired,hang,original_stiff,completed,True,1.946625206,1.93278,3.06118100322783,0.14932355178892612,1.0077134729027748,0.2613442880213261,0.48146435153484346,0.003425151983741671,,442,14022,1.1288762020546088,1.0324093343264584,,0,a104ea4773e5ec98d5b55f3265ea6506c495b879abce1920ebcb503632c961a3,cda28a26ae2363c8ce700c9f522c1e4d041c1b7ac8e9b2ee712dffa8187b4e1a
58,p5_hang_original_stiff,paired,hang,original_stiff,completed,True,1.957516731,1.94486,2.9098416808992624,0.15049734407663345,1.0135619232058526,0.26290512052178383,0.48461401647329333,0.003545888001099229,,442,14025,1.1288762292792895,1.0324093414406108,,0,a104ea4773e5ec98d5b55f3265ea6506c495b879abce1920ebcb503632c961a3,cda28a26ae2363c8ce700c9f522c1e4d041c1b7ac8e9b2ee712dffa8187b4e1a
59,p5_hang_combined_graph,paired,hang,combined_graph,completed,True,1.43264445,1.40894,2.4337749211117625,0.15045023964345455,0.6474646070599556,0.18013382373750209,0.38692723208665847,0.003676992001477629,,442,14021,1.1288761792526456,1.0324093299291774,,0,cf4dcb0a12587ce87aab908f62dd85e4fb260d9fb87269f0aa5d92d86c75ea82,fad328cb7681e19daa1fad9ee9d016ec1b230cefda6a37e91b66d3e463801f81
60,p5_fixed_original_stiff,paired,fixed,original_stiff,completed,True,5.003659267,4.98996,6.475661925971508,0.5399411837756634,2.808790114283562,0.4622927681207657,1.0972885773181915,0.008229888033121824,,585,37122,1.0361342815080652,1.0135437297491359,,0,a104ea4773e5ec98d5b55f3265ea6506c495b879abce1920ebcb503632c961a3,cd24016e6ee08e301ab168ec3607341efacd3df1561c6c217274a5e939505738
61,p5_fixed_combined_graph,paired,fixed,combined_graph,completed,True,3.906141024,3.8786,5.391649162396789,0.5491755840480328,1.971765698313713,0.3565669443309307,0.9047553288936615,0.008643232005182654,,587,37532,1.0355740485378218,1.0133770188280493,,0,cf4dcb0a12587ce87aab908f62dd85e4fb260d9fb87269f0aa5d92d86c75ea82,a2bfebeb158c9926cf296701c4c91daec05ff762e8df9bf8149646c38b23c337
62,p5_mixed_original_stiff,paired,mixed,original_stiff,completed,True,8.366989492999998,8.35168,10.0750174773857,1.6396834542751313,3.1672253737449645,0.9208801290988922,2.412404737472534,0.009717088020406663,,600,19506,1.1758445609444366,1.0925223552360703,-0.6351735860097492,1.503122020321784e-07,a104ea4773e5ec98d5b55f3265ea6506c495b879abce1920ebcb503632c961a3,20b9c6fa8ecdc8376a061f665a349be6ada4a30b8f52640effc39bee8a601683
63,p5_mixed_combined_graph,paired,mixed,combined_graph,completed,True,7.93341777,7.90318,10.34020427800715,1.688259168624878,2.8485279347896575,0.8973185933828354,2.2337460840940477,0.011382847970351577,,608,19852,1.1747585048301934,1.092525536828914,-0.684477884182858,1.5726296386201208e-07,cf4dcb0a12587ce87aab908f62dd85e4fb260d9fb87269f0aa5d92d86c75ea82,5761ee5ec2b986ffb74b2a3f0e5686e0b1641e0abe19447c2cdc9a5fabab5b7f
64,p6_mixed_combined_graph,paired,mixed,combined_graph,completed,True,7.6884125050000005,7.66078,9.659272740595043,1.644129632472992,2.7695405752658844,0.8736036464571952,2.1473826558589937,0.010231616002507507,,601,19697,1.1775370707853163,1.0925207675349766,-0.6965336146033284,1.4671862821507657e-07,cf4dcb0a12587ce87aab908f62dd85e4fb260d9fb87269f0aa5d92d86c75ea82,5761ee5ec2b986ffb74b2a3f0e5686e0b1641e0abe19447c2cdc9a5fabab5b7f
65,p6_mixed_original_stiff,paired,mixed,original_stiff,completed,True,8.569978476000001,8.55175,10.401087929494679,1.6608041305541992,3.319201860666275,0.9263522885441781,2.430392284870148,0.01111155199818313,,601,19592,1.1806206335105907,1.0925280294639892,-0.41905627828144154,1.0341578816584958e-07,a104ea4773e5ec98d5b55f3265ea6506c495b879abce1920ebcb503632c961a3,20b9c6fa8ecdc8376a061f665a349be6ada4a30b8f52640effc39bee8a601683
66,p6_fixed_combined_graph,paired,fixed,combined_graph,completed,True,4.038383542,4.00642,6.027597589418292,0.5832869129478931,2.0238718696832656,0.3694535680115223,0.9254911682605743,0.010364351988304406,,594,37994,1.0506724722229526,1.0134873929755959,,0,cf4dcb0a12587ce87aab908f62dd85e4fb260d9fb87269f0aa5d92d86c75ea82,a2bfebeb158c9926cf296701c4c91daec05ff762e8df9bf8149646c38b23c337
67,p6_fixed_original_stiff,paired,fixed,original_stiff,completed,True,5.0287400280000005,5.01379,6.49035940784961,0.5418407345414161,2.8276085777282716,0.4669551352262497,1.0954781430959701,0.008279647986404598,,586,37431,1.0353274600759361,1.0134067503420214,,0,a104ea4773e5ec98d5b55f3265ea6506c495b879abce1920ebcb503632c961a3,cd24016e6ee08e301ab168ec3607341efacd3df1561c6c217274a5e939505738
68,p6_hang_combined_graph,paired,hang,combined_graph,completed,True,1.423311012,1.3991,2.3457364542409778,0.14946214413642883,0.6443637445569038,0.1783603522479534,0.38222627222537997,0.0036068800040520727,,442,14022,1.1288762188646309,1.0324093392904123,,0,cf4dcb0a12587ce87aab908f62dd85e4fb260d9fb87269f0aa5d92d86c75ea82,fad328cb7681e19daa1fad9ee9d016ec1b230cefda6a37e91b66d3e463801f81
69,p6_hang_original_stiff,paired,hang,original_stiff,completed,True,1.911567885,1.9001,3.085221382789314,0.14720396843552588,0.9871863034367562,0.25744908797740934,0.4761672956347466,0.0033836799920536577,,442,14016,1.1288762305685103,1.0324093424940661,,0,a104ea4773e5ec98d5b55f3265ea6506c495b879abce1920ebcb503632c961a3,cda28a26ae2363c8ce700c9f522c1e4d041c1b7ac8e9b2ee712dffa8187b4e1a
70,p7_hang_original_stiff,paired,hang,original_stiff,completed,True,1.9120249089999999,1.90084,3.0684714233502746,0.14753222420811654,0.9882287365198136,0.25706617650389674,0.4763031991124153,0.003345184003002942,,442,14021,1.1288762109652104,1.0324093382260109,,0,a104ea4773e5ec98d5b55f3265ea6506c495b879abce1920ebcb503632c961a3,cda28a26ae2363c8ce700c9f522c1e4d041c1b7ac8e9b2ee712dffa8187b4e1a
71,p7_hang_combined_graph,paired,hang,combined_graph,completed,True,1.436145275,1.4119,2.3748162388801575,0.1516818236708641,0.6497578567862511,0.1802590399980545,0.3842243523597717,0.003729055992793292,,442,14022,1.1288762168299056,1.0324093388367463,,0,cf4dcb0a12587ce87aab908f62dd85e4fb260d9fb87269f0aa5d92d86c75ea82,fad328cb7681e19daa1fad9ee9d016ec1b230cefda6a37e91b66d3e463801f81
72,p7_fixed_original_stiff,paired,fixed,original_stiff,completed,True,5.13405602,5.11877,6.563877083361149,0.5552437114417553,2.8920279626846312,0.4719438399672508,1.1162327337265014,0.008791008016094566,,593,37726,1.036721636954002,1.0136965208397613,,0,a104ea4773e5ec98d5b55f3265ea6506c495b879abce1920ebcb503632c961a3,cd24016e6ee08e301ab168ec3607341efacd3df1561c6c217274a5e939505738
73,p7_fixed_combined_graph,paired,fixed,combined_graph,completed,True,3.984058724,3.95103,5.471958042122424,0.5691815033555031,1.9948303365707398,0.36488751947879794,0.9194245114326477,0.010122879979200661,,589,37667,1.0356520515735723,1.013565791962464,,0,cf4dcb0a12587ce87aab908f62dd85e4fb260d9fb87269f0aa5d92d86c75ea82,a2bfebeb158c9926cf296701c4c91daec05ff762e8df9bf8149646c38b23c337
74,p7_mixed_original_stiff,paired,mixed,original_stiff,completed,True,8.622359312,8.60417,10.417069445364177,1.6441791381835937,3.3706369621753693,0.9327129922509193,2.4413327643871305,0.010912224018014968,,597,19387,1.1736746487968868,1.0925214463966915,-0.6275209144111605,1.4607782982278042e-07,a104ea4773e5ec98d5b55f3265ea6506c495b879abce1920ebcb503632c961a3,20b9c6fa8ecdc8376a061f665a349be6ada4a30b8f52640effc39bee8a601683
75,p7_mixed_combined_graph,paired,mixed,combined_graph,completed,True,7.758040451,7.72914,9.492481540888548,1.6568070058822633,2.781813088655472,0.8798765441775322,2.183994593858719,0.010530944011174142,,603,19685,1.1698293701513227,1.0925229321704748,-0.3850221698189405,9.572966613064139e-08,cf4dcb0a12587ce87aab908f62dd85e4fb260d9fb87269f0aa5d92d86c75ea82,5761ee5ec2b986ffb74b2a3f0e5686e0b1641e0abe19447c2cdc9a5fabab5b7f
76,stability1_hang_combined_graph,stability,hang,combined_graph,skipped,False,,,,,,,,,,,,,,,,,
77,stability1_fixed_combined_graph,stability,fixed,combined_graph,skipped,False,,,,,,,,,,,,,,,,,
78,stability1_mixed_combined_graph,stability,mixed,combined_graph,skipped,False,,,,,,,,,,,,,,,,,
