scene,arm,status,hard_checks_passed,solver_seconds,core_event_seconds,wall_seconds,pcg_iterations,linear_directions,assembly_seconds,linear_seconds,ccd_seconds,line_search_seconds,state_update_seconds,exit_assembly_seconds
cloth_hang_l,base,completed,True,2.2876271740000003,2.26902,3.1308261239901185,15182,483,0.17204054388403892,1.2034984312057495,0.2990137603580952,0.5484400956630707,0.004665984007995575,
cloth_hang_l,graph,completed,True,1.87894508,1.84709,3.6045918175950646,15185,483,0.17464745622873307,0.7385994248390197,0.30876403176784517,0.5653421756029129,0.005143103999085724,0.026962848007678987
cloth_hang_l,all,completed,True,1.617984359,1.58819,3.212877173908055,15181,483,0.1706280960738659,0.7240018558502197,0.20054553556442262,0.43613110384345055,0.00479318400612101,0.026568703830242155
cloth_hang_m,graph,completed,True,3.8885187489999997,3.85289,5.584764330647886,35844,584,0.41094569635391237,1.9478044792413711,0.42396054324507715,0.9690735343694686,0.008602752023842185,0.05214259213209152
cloth_hang_m,all,completed,True,3.5797076779999997,3.54345,4.900252741761506,35663,580,0.40520623901486397,1.9344270100593568,0.2973560323417187,0.8026957451105118,0.007899296001996845,0.054167231857776645
cloth_hang_m,base,completed,True,4.736078196999999,4.71903,5.696773331612349,35959,585,0.40186867186427117,2.894357505917549,0.4026150398552418,0.9354397749304771,0.007512032011989504,
cloth_sphere7_l,all,completed,True,4.345866805,4.31039,5.635278061963618,29715,696,0.6245402229130268,1.5497368643283844,0.38591119953989983,1.6762733461260795,0.010245663988869638,0.015624191850423812
cloth_sphere7_l,base,completed,True,5.28707385,5.26815,6.17402193043381,30252,677,0.5908702075481415,2.302430276989937,0.4975107842683792,1.8166692485809326,0.009218463993165641,
cloth_sphere7_l,graph,completed,True,4.584495618,4.54911,6.3228221936151385,29590,679,0.5925369269251823,1.5190614696741105,0.5015138875842095,1.8617234896421433,0.009364479991141707,0.017767936021089555
cloth_sphere7_m,base,completed,True,8.308677162,8.28499,9.652107257395983,47574,661,0.7843589110970497,4.419501497983933,0.6343342399597168,2.3723648344278336,0.010060992008540779,
cloth_sphere7_m,graph,completed,True,6.871872128,6.84,8.780179775319993,47840,654,0.7754231984615326,2.948988191962242,0.638634079694748,2.3878287374973297,0.009582239997107535,0.033387391924858095
cloth_sphere7_m,all,completed,True,6.619080393,6.58856,8.041551055386662,48050,665,0.7788001279234886,2.964566686987877,0.5480343363583088,2.214907586991787,0.00922649600263685,0.027496064126491547
cloth_fixed_bunny_l,graph,completed,True,5.171430178,5.13951,7.370832202024758,45147,708,0.6763056969940663,2.3889083513021467,0.5771509118676186,1.3760371507406235,0.011646975968498736,0.012104351997375489
cloth_fixed_bunny_l,all,completed,True,4.87591582,4.83942,6.904109141789377,45239,712,0.7105465605258942,2.418826531648636,0.44199427190423013,1.1405736325979232,0.012663167979568244,0.014712896019220352
cloth_fixed_bunny_l,base,completed,True,6.5606472899999995,6.53583,8.151879217475653,45050,711,0.6939366717636585,3.790710711479187,0.576752767264843,1.3614249938726426,0.011849855994805694,
cloth_fixed_bunny_m,all,completed,True,9.685382099,9.64385,12.259523131884634,73351,700,1.2401585927009582,5.855654730319976,0.6828567045927048,1.7121850891113282,0.01279289598017931,0.03767817592620849
cloth_fixed_bunny_m,base,completed,True,12.007165576,11.9826,13.919541692361236,72883,697,1.2147895041704178,7.813065159797668,0.8533308160305023,1.9585124821662903,0.012203584003262222,
cloth_fixed_bunny_m,graph,completed,True,9.969804898,9.92508,12.566784276627004,72020,687,1.209894047856331,5.7411370606422425,0.8532482236027717,1.9688182084560395,0.012071839990559965,0.037235488057136536
bunny_cloth_bunny_l,base,completed,True,10.673079485,10.6387,12.548768277280033,23676,733,2.0374933416843413,4.004462184429169,1.1525590409040452,3.1963081650733947,0.013370783993974329,
bunny_cloth_bunny_l,graph,completed,True,10.176622262,10.1414,12.44070774782449,23896,736,2.0509197738170624,3.43135929107666,1.1638239055871964,3.2373313918113706,0.013700160020031035,0.05901999998092651
bunny_cloth_bunny_l,all,completed,True,9.925826773999999,9.88253,12.481928009539843,23798,737,2.091247484922409,3.461559100627899,1.1202223992347717,2.9372628177404403,0.016997120026499033,0.06009334444999695
